model,f1,precision,recall
FastText,0.6452285708405903,0.6556531915507121,0.6442364824717766
TextCNN,0.6051567139976048,0.6194960268676308,0.6082144979203803
TextRNN,0.6459122199623903,0.660071099125683,0.6503671126681824
TextRCNN,0.6401446010996343,0.6553904045603527,0.6401143790849673
DRNN,0.5818433104279211,0.6230308574324744,0.5905068986202759
TextVDCNN,0.20240976719012221,0.3773464979913089,0.4255677039529016
DPCNN,0.6010604383402169,0.6148971068815399,0.6064689023709383
AttentiveConvNet,0.5987529169870991,0.6204489684841213,0.6027183600713012
Transformer,0.627430727685878,0.6386797496800842,0.6364922206506365
